Entry,Entry Name,receptor_start,receptor_end
A0A0K2S4Q6,CD3CH_HUMAN,25.0,168.0
A0A1B0GTW7,CIROP_HUMAN,21.0,735.0
A2VDJ0,T131L_HUMAN,41.0,869.0
A6BM72,MEG11_HUMAN,20.0,848.0
A6NFA1,TIKI2_HUMAN,20.0,494.0
A6NGU5,GGT3_HUMAN,27.0,568.0
A6NI73,LIRA5_HUMAN,42.0,268.0
A8K4G0,CLM7_HUMAN,18.0,151.0
B0L3A2,DESPR_HUMAN,1.0,18.0
B6A8C7,TARM1_HUMAN,17.0,236.0
D3W0D1,KLRF2_HUMAN,52.0,207.0
H3BV60,TGR3L_HUMAN,17.0,244.0
O00206,TLR4_HUMAN,24.0,631.0
O00220,TR10A_HUMAN,24.0,239.0
O00238,BMR1B_HUMAN,14.0,126.0
O00241,SIRB1_HUMAN,30.0,371.0
O00478,BT3A3_HUMAN,30.0,248.0
O00481,BT3A1_HUMAN,30.0,254.0
O00533,NCHL1_HUMAN,25.0,1082.0
O00548,DLL1_HUMAN,18.0,545.0
O00592,PODXL_HUMAN,23.0,461.0
O14511,NRG2_HUMAN,112.0,405.0
O14522,PTPRT_HUMAN,26.0,747.0
O14638,ENPP3_HUMAN,31.0,875.0
O14669,TMG2_HUMAN,50.0,109.0
O14672,ADA10_HUMAN,20.0,672.0
O14763,TR10B_HUMAN,56.0,210.0
O14786,NRP1_HUMAN,22.0,856.0
O14788,TNF11_HUMAN,69.0,317.0
O14836,TR13B_HUMAN,1.0,165.0
O14917,PCD17_HUMAN,18.0,707.0
O14931,NCTR3_HUMAN,19.0,135.0
O14944,EREG_HUMAN,60.0,119.0
O15031,PLXB2_HUMAN,20.0,1197.0
O15146,MUSK_HUMAN,24.0,495.0
O15197,EPHB6_HUMAN,32.0,594.0
O15389,SIGL5_HUMAN,17.0,441.0
O15393,TMPS2_HUMAN,106.0,492.0
O15394,NCAM2_HUMAN,20.0,697.0
O43155,FLRT2_HUMAN,36.0,541.0
O43157,PLXB1_HUMAN,20.0,1490.0
O43184,ADA12_HUMAN,208.0,708.0
O43291,SPIT2_HUMAN,28.0,197.0
O43300,LRRT2_HUMAN,34.0,422.0
O43493,TGON2_HUMAN,22.0,381.0
O43506,ADA20_HUMAN,207.0,693.0
O43508,TNF12_HUMAN,43.0,249.0
O43556,SGCE_HUMAN,1.0,317.0
O43557,TNF14_HUMAN,59.0,240.0
O43570,CAH12_HUMAN,25.0,301.0
O43699,SIGL6_HUMAN,27.0,347.0
O43914,TYOBP_HUMAN,22.0,40.0
O60235,TM11D_HUMAN,42.0,418.0
O60449,LY75_HUMAN,28.0,1666.0
O60462,NRP2_HUMAN,21.0,864.0
O60486,PLXC1_HUMAN,35.0,944.0
O60487,MPZL2_HUMAN,27.0,154.0
O60500,NPHN_HUMAN,23.0,1055.0
O60602,TLR5_HUMAN,21.0,639.0
O60603,TLR2_HUMAN,21.0,588.0
O60667,FCMR_HUMAN,17.0,251.0
O60894,RAMP1_HUMAN,27.0,117.0
O60895,RAMP2_HUMAN,43.0,145.0
O60896,RAMP3_HUMAN,24.0,118.0
O60939,SCN2B_HUMAN,30.0,159.0
O75019,LIRA1_HUMAN,17.0,461.0
O75022,LIRB3_HUMAN,24.0,443.0
O75023,LIRB5_HUMAN,24.0,458.0
O75051,PLXA2_HUMAN,35.0,1237.0
O75054,IGSF3_HUMAN,20.0,1124.0
O75056,SDC3_HUMAN,1.0,387.0
O75074,LRP3_HUMAN,37.0,496.0
O75077,ADA23_HUMAN,287.0,792.0
O75078,ADA11_HUMAN,226.0,734.0
O75096,LRP4_HUMAN,21.0,1725.0
O75106,AOC2_HUMAN,26.0,756.0
O75121,MFA3L_HUMAN,29.0,149.0
O75144,ICOSL_HUMAN,19.0,256.0
O75197,LRP5_HUMAN,32.0,1384.0
O75309,CAD16_HUMAN,19.0,786.0
O75509,TNR21_HUMAN,42.0,349.0
O75578,ITA10_HUMAN,23.0,1122.0
O75581,LRP6_HUMAN,20.0,1370.0
O75787,RENR_HUMAN,17.0,302.0
O75871,CEAM4_HUMAN,36.0,155.0
O75882,ATRN_HUMAN,84.0,1279.0
O75976,CBPD_HUMAN,32.0,1299.0
O76036,NCTR1_HUMAN,22.0,258.0
O76095,JTB_HUMAN,31.0,105.0
O94856,NFASC_HUMAN,25.0,1217.0
O94898,LRIG2_HUMAN,41.0,807.0
O94933,SLIK3_HUMAN,29.0,654.0
O94985,CSTN1_HUMAN,29.0,859.0
O94991,SLIK5_HUMAN,41.0,664.0
O95150,TNF15_HUMAN,57.0,251.0
O95185,UNC5C_HUMAN,41.0,380.0
O95196,CSPG5_HUMAN,31.0,423.0
O95206,PCDH8_HUMAN,30.0,749.0
O95256,I18RA_HUMAN,20.0,356.0
O95297,MPZL1_HUMAN,36.0,162.0
O95727,CRTAM_HUMAN,18.0,287.0
O95754,SEM4F_HUMAN,35.0,659.0
O95866,G6B_HUMAN,18.0,142.0
O95944,NCTR2_HUMAN,22.0,192.0
P00533,EGFR_HUMAN,25.0,645.0
P01130,LDLR_HUMAN,22.0,788.0
P01133,EGF_HUMAN,23.0,1032.0
P01135,TGFA_HUMAN,24.0,98.0
P01375,TNFA_HUMAN,57.0,233.0
P01589,IL2RA_HUMAN,22.0,240.0
P01730,CD4_HUMAN,26.0,396.0
P01732,CD8A_HUMAN,22.0,182.0
P01854,IGHE_HUMAN,1.0,499.0
P01857,IGHG1_HUMAN,1.0,350.0
P01859,IGHG2_HUMAN,1.0,346.0
P01860,IGHG3_HUMAN,1.0,397.0
P01861,IGHG4_HUMAN,1.0,347.0
P01871,IGHM_HUMAN,1.0,450.0
P01876,IGHA1_HUMAN,1.0,364.0
P01877,IGHA2_HUMAN,1.0,357.0
P01880,IGHD_HUMAN,1.0,406.0
P01889,HLAB_HUMAN,25.0,309.0
P01893,HLAH_HUMAN,25.0,308.0
P01903,DRA_HUMAN,26.0,216.0
P01906,DQA2_HUMAN,24.0,217.0
P01909,DQA1_HUMAN,24.0,216.0
P01911,DRB1_HUMAN,30.0,227.0
P01920,DQB1_HUMAN,33.0,230.0
P02724,GLPA_HUMAN,20.0,91.0
P02786,TFR1_HUMAN,89.0,760.0
P04233,HG2A_HUMAN,73.0,296.0
P04234,CD3D_HUMAN,22.0,105.0
P04439,HLAA_HUMAN,25.0,308.0
P04440,DPB1_HUMAN,30.0,225.0
P04626,ERBB2_HUMAN,23.0,652.0
P04629,NTRK1_HUMAN,33.0,423.0
P04921,GLPC_HUMAN,1.0,57.0
P05026,AT1B1_HUMAN,63.0,303.0
P05067,A4_HUMAN,18.0,701.0
P05106,ITB3_HUMAN,27.0,718.0
P05107,ITB2_HUMAN,23.0,700.0
P05362,ICAM1_HUMAN,28.0,480.0
P05538,DQB2_HUMAN,33.0,229.0
P05556,ITB1_HUMAN,21.0,728.0
P05981,HEPS_HUMAN,45.0,417.0
P06028,GLPB_HUMAN,20.0,59.0
P06126,CD1A_HUMAN,17.0,300.0
P06127,CD5_HUMAN,25.0,372.0
P06213,INSR_HUMAN,28.0,758.0
P06340,DOA_HUMAN,26.0,217.0
P06729,CD2_HUMAN,25.0,209.0
P06734,FCER2_HUMAN,48.0,321.0
P06756,ITAV_HUMAN,31.0,992.0
P07202,PERT_HUMAN,19.0,846.0
P07204,TRBM_HUMAN,19.0,515.0
P07306,ASGR1_HUMAN,62.0,291.0
P07307,ASGR2_HUMAN,80.0,311.0
P07333,CSF1R_HUMAN,20.0,517.0
P07359,GP1BA_HUMAN,17.0,531.0
P07766,CD3E_HUMAN,23.0,126.0
P07949,RET_HUMAN,29.0,635.0
P08069,IGF1R_HUMAN,741.0,935.0
P08138,TNR16_HUMAN,29.0,250.0
P08195,4F2_HUMAN,206.0,630.0
P08473,NEP_HUMAN,52.0,750.0
P08514,ITA2B_HUMAN,32.0,993.0
P08575,PTPRC_HUMAN,26.0,577.0
P08581,MET_HUMAN,25.0,932.0
P08637,FCG3A_HUMAN,17.0,208.0
P08648,ITA5_HUMAN,42.0,995.0
P08887,IL6RA_HUMAN,20.0,365.0
P08910,ABHD2_HUMAN,31.0,425.0
P08922,ROS1_HUMAN,28.0,1859.0
P09564,CD7_HUMAN,26.0,180.0
P09619,PGFRB_HUMAN,33.0,532.0
P09693,CD3G_HUMAN,23.0,116.0
P09758,TACD2_HUMAN,27.0,274.0
P09848,LPH_HUMAN,20.0,1882.0
P10321,HLAC_HUMAN,25.0,308.0
P10586,PTPRF_HUMAN,30.0,1263.0
P10721,KIT_HUMAN,26.0,524.0
P10747,CD28_HUMAN,19.0,152.0
P10912,GHR_HUMAN,19.0,264.0
P10966,CD8B_HUMAN,22.0,170.0
P11215,ITAM_HUMAN,17.0,1104.0
P11362,FGFR1_HUMAN,22.0,376.0
P11912,CD79A_HUMAN,33.0,143.0
P12314,FCGR1_HUMAN,16.0,292.0
P12318,FCG2A_HUMAN,34.0,217.0
P12319,FCERA_HUMAN,26.0,205.0
P12821,ACE_HUMAN,30.0,1256.0
P12830,CADH1_HUMAN,155.0,709.0
P13164,IFM1_HUMAN,108.0,125.0
P13224,GP1BB_HUMAN,27.0,147.0
P13591,NCAM1_HUMAN,20.0,718.0
P13598,ICAM2_HUMAN,25.0,223.0
P13612,ITA4_HUMAN,35.0,977.0
P13688,CEAM1_HUMAN,35.0,428.0
P13726,TF_HUMAN,33.0,251.0
P13747,HLAE_HUMAN,22.0,305.0
P13762,DRB4_HUMAN,30.0,227.0
P13765,DOB_HUMAN,27.0,224.0
P14151,LYAM1_HUMAN,39.0,332.0
P14209,CD99_HUMAN,23.0,122.0
P14415,AT1B2_HUMAN,68.0,290.0
P14616,INSRR_HUMAN,747.0,921.0
P14770,GPIX_HUMAN,17.0,147.0
P14778,IL1R1_HUMAN,18.0,336.0
P14784,IL2RB_HUMAN,27.0,240.0
P15144,AMPN_HUMAN,33.0,967.0
P15151,PVR_HUMAN,21.0,343.0
P15260,INGR1_HUMAN,18.0,245.0
P15391,CD19_HUMAN,20.0,291.0
P15509,CSF2R_HUMAN,23.0,320.0
P15529,MCP_HUMAN,35.0,343.0
P15813,CD1D_HUMAN,20.0,301.0
P15941,MUC1_HUMAN,24.0,1158.0
P16066,ANPRA_HUMAN,33.0,473.0
P16070,CD44_HUMAN,21.0,649.0
P16109,LYAM3_HUMAN,42.0,771.0
P16144,ITB4_HUMAN,28.0,710.0
P16150,LEUK_HUMAN,20.0,253.0
P16234,PGFRA_HUMAN,24.0,528.0
P16284,PECA1_HUMAN,28.0,601.0
P16410,CTLA4_HUMAN,36.0,161.0
P16422,EPCAM_HUMAN,24.0,265.0
P16471,PRLR_HUMAN,25.0,234.0
P16581,LYAM2_HUMAN,22.0,556.0
P16871,IL7RA_HUMAN,21.0,239.0
P17181,INAR1_HUMAN,28.0,436.0
P17301,ITA2_HUMAN,30.0,1132.0
P17342,ANPRC_HUMAN,27.0,481.0
P17693,HLAG_HUMAN,25.0,308.0
P17813,EGLN_HUMAN,26.0,586.0
P17927,CR1_HUMAN,42.0,1971.0
P18084,ITB5_HUMAN,24.0,719.0
P18433,PTPRA_HUMAN,20.0,151.0
P18564,ITB6_HUMAN,22.0,709.0
P18627,LAG3_HUMAN,23.0,450.0
P18827,SDC1_HUMAN,23.0,254.0
P19022,CADH2_HUMAN,160.0,724.0
P19235,EPOR_HUMAN,25.0,250.0
P19256,LFA3_HUMAN,29.0,215.0
P19320,VCAM1_HUMAN,25.0,698.0
P19438,TNR1A_HUMAN,30.0,211.0
P19440,GGT1_HUMAN,27.0,569.0
P20023,CR2_HUMAN,21.0,971.0
P20036,DPA1_HUMAN,29.0,222.0
P20138,CD33_HUMAN,18.0,259.0
P20273,CD22_HUMAN,20.0,687.0
P20333,TNR1B_HUMAN,23.0,257.0
P20594,ANPRB_HUMAN,23.0,458.0
P20701,ITAL_HUMAN,26.0,1090.0
P20702,ITAX_HUMAN,20.0,1107.0
P20916,MAG_HUMAN,20.0,516.0
P21583,SCF_HUMAN,26.0,214.0
P21709,EPHA1_HUMAN,26.0,547.0
P21754,ZP3_HUMAN,23.0,387.0
P21757,MSRE_HUMAN,77.0,451.0
P21802,FGFR2_HUMAN,22.0,377.0
P21854,CD72_HUMAN,117.0,359.0
P21860,ERBB3_HUMAN,20.0,643.0
P21964,COMT_HUMAN,27.0,271.0
P22223,CADH3_HUMAN,108.0,654.0
P22413,ENPP1_HUMAN,98.0,925.0
P22455,FGFR4_HUMAN,22.0,369.0
P22607,FGFR3_HUMAN,23.0,375.0
P22794,EVI2A_HUMAN,31.0,133.0
P22897,MRC1_HUMAN,19.0,1389.0
P23229,ITA6_HUMAN,24.0,1050.0
P23276,KELL_HUMAN,68.0,732.0
P23467,PTPRB_HUMAN,23.0,1621.0
P23468,PTPRD_HUMAN,21.0,1265.0
P23469,PTPRE_HUMAN,20.0,46.0
P23470,PTPRG_HUMAN,20.0,736.0
P23471,PTPRZ_HUMAN,25.0,1636.0
P23510,TNFL4_HUMAN,51.0,183.0
P24071,FCAR_HUMAN,22.0,227.0
P24394,IL4RA_HUMAN,26.0,232.0
P25092,GUC2C_HUMAN,24.0,430.0
P25189,MYP0_HUMAN,30.0,153.0
P25445,TNR6_HUMAN,26.0,173.0
P25942,TNR5_HUMAN,21.0,193.0
P26006,ITA3_HUMAN,33.0,991.0
P26010,ITB7_HUMAN,20.0,723.0
P26012,ITB8_HUMAN,43.0,684.0
P26715,NKG2A_HUMAN,94.0,233.0
P26717,NKG2C_HUMAN,94.0,231.0
P26718,NKG2D_HUMAN,73.0,216.0
P26842,CD27_HUMAN,20.0,191.0
P26951,IL3RA_HUMAN,19.0,305.0
P27037,AVR2A_HUMAN,20.0,135.0
P27487,DPP4_HUMAN,29.0,766.0
P27930,IL1R2_HUMAN,14.0,343.0
P28827,PTPRM_HUMAN,21.0,742.0
P28906,CD34_HUMAN,32.0,290.0
P28907,CD38_HUMAN,43.0,300.0
P28908,TNR8_HUMAN,19.0,385.0
P29016,CD1B_HUMAN,18.0,303.0
P29017,CD1C_HUMAN,18.0,302.0
P29317,EPHA2_HUMAN,24.0,537.0
P29322,EPHA8_HUMAN,28.0,542.0
P29376,LTK_HUMAN,17.0,424.0
P29965,CD40L_HUMAN,47.0,261.0
P30203,CD6_HUMAN,18.0,402.0
P30511,HLAF_HUMAN,22.0,305.0
P30530,UFO_HUMAN,26.0,451.0
P31431,SDC4_HUMAN,19.0,145.0
P31785,IL2RG_HUMAN,23.0,262.0
P31994,FCG2B_HUMAN,43.0,217.0
P31995,FCG2C_HUMAN,43.0,223.0
P32004,L1CAM_HUMAN,20.0,1120.0
P32926,DSG3_HUMAN,50.0,615.0
P32927,IL3RB_HUMAN,17.0,443.0
P32942,ICAM3_HUMAN,30.0,485.0
P32970,CD70_HUMAN,39.0,193.0
P32971,TNFL8_HUMAN,63.0,234.0
P33151,CADH5_HUMAN,48.0,599.0
P33681,CD80_HUMAN,35.0,242.0
P34741,SDC2_HUMAN,19.0,144.0
P34810,CD68_HUMAN,22.0,319.0
P34910,EVI2B_HUMAN,22.0,202.0
P34925,RYK_HUMAN,26.0,227.0
P35070,BTC_HUMAN,32.0,118.0
P35590,TIE1_HUMAN,22.0,759.0
P35613,BASI_HUMAN,138.0,323.0
P35916,VGFR3_HUMAN,25.0,775.0
P36269,GGT5_HUMAN,30.0,586.0
P36888,FLT3_HUMAN,27.0,543.0
P36894,BMR1A_HUMAN,24.0,152.0
P36896,ACV1B_HUMAN,24.0,126.0
P36897,TGFR1_HUMAN,34.0,126.0
P36941,TNR3_HUMAN,31.0,227.0
P37023,ACVL1_HUMAN,22.0,118.0
P37173,TGFR2_HUMAN,23.0,166.0
P38484,INGR2_HUMAN,28.0,247.0
P38570,ITAE_HUMAN,19.0,1124.0
P40189,IL6RB_HUMAN,23.0,619.0
P40197,GPV_HUMAN,17.0,523.0
P40198,CEAM3_HUMAN,35.0,155.0
P40200,TACT_HUMAN,22.0,519.0
P40238,TPOR_HUMAN,26.0,491.0
P40259,CD79B_HUMAN,29.0,159.0
P41217,OX2G_HUMAN,31.0,232.0
P41273,TNFL9_HUMAN,50.0,254.0
P42081,CD86_HUMAN,24.0,247.0
P42658,DPP6_HUMAN,117.0,865.0
P42701,I12R1_HUMAN,24.0,545.0
P42702,LIFR_HUMAN,45.0,833.0
P42892,ECE1_HUMAN,90.0,770.0
P43121,MUC18_HUMAN,24.0,559.0
P43146,DCC_HUMAN,26.0,1097.0
P43489,TNR4_HUMAN,29.0,214.0
P43626,KI2L1_HUMAN,22.0,245.0
P43628,KI2L3_HUMAN,22.0,245.0
P43629,KI3L1_HUMAN,22.0,340.0
P43630,KI3L2_HUMAN,22.0,340.0
P43631,KI2S2_HUMAN,22.0,245.0
P43632,KI2S4_HUMAN,22.0,245.0
P46531,NOTC1_HUMAN,19.0,1735.0
P46695,IEX1_HUMAN,100.0,156.0
P48023,TNFL6_HUMAN,103.0,281.0
P48357,LEPR_HUMAN,22.0,839.0
P48551,INAR2_HUMAN,27.0,243.0
P49771,FLT3L_HUMAN,27.0,184.0
P50281,MMP14_HUMAN,112.0,541.0
P50591,TNF10_HUMAN,39.0,281.0
P50895,BCAM_HUMAN,32.0,547.0
P51164,ATP4B_HUMAN,58.0,291.0
P51511,MMP15_HUMAN,132.0,625.0
P51512,MMP16_HUMAN,120.0,564.0
P51693,APLP1_HUMAN,39.0,580.0
P51805,PLXA3_HUMAN,20.0,1220.0
P51841,GUC2F_HUMAN,51.0,467.0
P52799,EFNB2_HUMAN,28.0,229.0
P53708,ITA8_HUMAN,39.0,1012.0
P53801,PTTG_HUMAN,33.0,96.0
P54289,CA2D1_HUMAN,25.0,1073.0
P54709,AT1B3_HUMAN,57.0,279.0
P54753,EPHB3_HUMAN,34.0,559.0
P54760,EPHB4_HUMAN,16.0,539.0
P54764,EPHA4_HUMAN,20.0,547.0
P55073,IOD3_HUMAN,68.0,304.0
P55082,MFAP3_HUMAN,19.0,147.0
P55283,CADH4_HUMAN,170.0,734.0
P55285,CADH6_HUMAN,54.0,615.0
P55286,CADH8_HUMAN,62.0,621.0
P55287,CAD11_HUMAN,54.0,617.0
P55289,CAD12_HUMAN,55.0,609.0
P55291,CAD15_HUMAN,61.0,606.0
P55899,FCGRN_HUMAN,24.0,297.0
P56199,ITA1_HUMAN,29.0,1141.0
P56817,BACE1_HUMAN,22.0,457.0
P56937,DHB7_HUMAN,1.0,229.0
P56975,NRG3_HUMAN,1.0,360.0
P57087,JAM2_HUMAN,29.0,238.0
P57679,EVC_HUMAN,1.0,25.0
P57727,TMPS3_HUMAN,70.0,454.0
P58335,ANTR2_HUMAN,34.0,318.0
P58400,NRX1B_HUMAN,51.0,396.0
P58401,NRX2B_HUMAN,51.0,590.0
P59901,LIRA4_HUMAN,24.0,446.0
P60507,EFC1_HUMAN,23.0,518.0
P60508,SYCY2_HUMAN,16.0,478.0
P60852,ZP1_HUMAN,26.0,601.0
P69849,NOMO3_HUMAN,32.0,1155.0
P78310,CXAR_HUMAN,20.0,237.0
P78324,SHPS1_HUMAN,31.0,373.0
P78325,ADAM8_HUMAN,17.0,655.0
P78357,CNTP1_HUMAN,20.0,1283.0
P78380,OLR1_HUMAN,58.0,273.0
P78410,BT3A2_HUMAN,30.0,248.0
P78423,X3CL1_HUMAN,25.0,341.0
P78504,JAG1_HUMAN,34.0,1067.0
P78536,ADA17_HUMAN,215.0,671.0
P78552,I13R1_HUMAN,22.0,343.0
P78562,PHEX_HUMAN,42.0,641.0
P79483,DRB3_HUMAN,30.0,227.0
P80370,DLK1_HUMAN,24.0,303.0
P82279,CRUM1_HUMAN,26.0,1347.0
P98073,ENTK_HUMAN,48.0,1019.0
P98153,IDD_HUMAN,21.0,349.0
P98155,VLDLR_HUMAN,28.0,797.0
P98172,EFNB1_HUMAN,28.0,237.0
Q01113,IL9R_HUMAN,41.0,270.0
Q01151,CD83_HUMAN,20.0,144.0
Q01344,IL5RA_HUMAN,21.0,342.0
Q01638,ILRL1_HUMAN,19.0,328.0
Q01973,ROR1_HUMAN,30.0,406.0
Q01974,ROR2_HUMAN,34.0,403.0
Q02223,TNR17_HUMAN,1.0,54.0
Q02297,NRG1_HUMAN,20.0,242.0
Q02413,DSG1_HUMAN,50.0,548.0
Q02487,DSC2_HUMAN,136.0,694.0
Q02763,TIE2_HUMAN,23.0,748.0
Q02846,GUC2D_HUMAN,52.0,462.0
Q03167,TGBR3_HUMAN,21.0,787.0
Q04609,FOLH1_HUMAN,44.0,750.0
Q04771,ACVR1_HUMAN,21.0,123.0
Q04900,MUC24_HUMAN,24.0,162.0
Q04912,RON_HUMAN,25.0,957.0
Q05996,ZP2_HUMAN,39.0,716.0
Q06418,TYRO3_HUMAN,41.0,429.0
Q06481,APLP2_HUMAN,32.0,692.0
Q06643,TNFC_HUMAN,49.0,244.0
Q07011,TNR9_HUMAN,24.0,186.0
Q07065,CKAP4_HUMAN,128.0,602.0
Q07075,AMPE_HUMAN,40.0,957.0
Q07108,CD69_HUMAN,62.0,199.0
Q07444,NKG2E_HUMAN,94.0,240.0
Q07699,SCN1B_HUMAN,19.0,160.0
Q07837,SLC31_HUMAN,109.0,685.0
Q08174,PCDH1_HUMAN,58.0,852.0
Q08334,I10R2_HUMAN,20.0,220.0
Q08345,DDR1_HUMAN,21.0,417.0
Q08554,DSC1_HUMAN,135.0,691.0
Q08708,CLM6_HUMAN,21.0,183.0
Q08ET2,SIG14_HUMAN,17.0,358.0
Q0VAQ4,SMAGP_HUMAN,1.0,36.0
Q10589,BST2_HUMAN,49.0,161.0
Q12836,ZP4_HUMAN,19.0,505.0
Q12864,CAD17_HUMAN,23.0,787.0
Q12866,MERTK_HUMAN,21.0,505.0
Q12884,SEPR_HUMAN,26.0,760.0
Q12913,PTPRJ_HUMAN,36.0,975.0
Q12918,KLRB1_HUMAN,67.0,225.0
Q13018,PLA2R_HUMAN,21.0,1397.0
Q13145,BAMBI_HUMAN,21.0,152.0
Q13241,KLRD1_HUMAN,32.0,179.0
Q13261,I15RA_HUMAN,31.0,205.0
Q13291,SLAF1_HUMAN,21.0,237.0
Q13326,SGCG_HUMAN,59.0,291.0
Q13332,PTPRS_HUMAN,30.0,1282.0
Q13349,ITAD_HUMAN,18.0,1099.0
Q13410,BT1A1_HUMAN,27.0,242.0
Q13443,ADAM9_HUMAN,29.0,697.0
Q13444,ADA15_HUMAN,207.0,696.0
Q13445,TMED1_HUMAN,24.0,194.0
Q13477,MADCA_HUMAN,19.0,317.0
Q13478,IL18R_HUMAN,22.0,329.0
Q13586,STIM1_HUMAN,23.0,213.0
Q13591,SEM5A_HUMAN,23.0,968.0
Q13634,CAD18_HUMAN,54.0,608.0
Q13641,TPBG_HUMAN,32.0,355.0
Q13651,I10R1_HUMAN,22.0,235.0
Q13683,ITA7_HUMAN,34.0,1082.0
Q13705,AVR2B_HUMAN,19.0,137.0
Q13740,CD166_HUMAN,28.0,527.0
Q13797,ITA9_HUMAN,30.0,981.0
Q13873,BMPR2_HUMAN,27.0,150.0
Q14114,LRP8_HUMAN,42.0,826.0
Q14118,DAG1_HUMAN,654.0,749.0
Q14126,DSG2_HUMAN,50.0,609.0
Q14162,SREC_HUMAN,20.0,421.0
Q14242,SELPL_HUMAN,18.0,320.0
Q14392,LRC32_HUMAN,20.0,627.0
Q14574,DSC3_HUMAN,136.0,690.0
Q14626,I11RA_HUMAN,24.0,370.0
Q14627,I13R2_HUMAN,27.0,343.0
Q14773,ICAM4_HUMAN,23.0,240.0
Q14802,FXYD3_HUMAN,21.0,38.0
Q14943,KI3S1_HUMAN,22.0,340.0
Q14953,KI2S5_HUMAN,22.0,245.0
Q14954,KI2S1_HUMAN,22.0,245.0
Q14956,GPNMB_HUMAN,23.0,498.0
Q14CZ8,HECAM_HUMAN,34.0,240.0
Q15109,RAGE_HUMAN,23.0,342.0
Q15116,PDCD1_HUMAN,24.0,170.0
Q15155,NOMO1_HUMAN,32.0,1155.0
Q15223,NECT1_HUMAN,31.0,355.0
Q15256,PTPRR_HUMAN,22.0,227.0
Q15262,PTPRK_HUMAN,27.0,752.0
Q15303,ERBB4_HUMAN,26.0,651.0
Q15399,TLR1_HUMAN,25.0,580.0
Q15762,CD226_HUMAN,19.0,254.0
Q15768,EFNB3_HUMAN,28.0,226.0
Q16288,NTRK3_HUMAN,32.0,429.0
Q16549,PCSK7_HUMAN,142.0,667.0
Q16585,SGCB_HUMAN,87.0,318.0
Q16586,SGCA_HUMAN,24.0,290.0
Q16620,NTRK2_HUMAN,32.0,430.0
Q16653,MOG_HUMAN,30.0,154.0
Q16671,AMHR2_HUMAN,18.0,149.0
Q16790,CAH9_HUMAN,38.0,414.0
Q16819,MEP1A_HUMAN,66.0,712.0
Q16820,MEP1B_HUMAN,23.0,652.0
Q16827,PTPRO_HUMAN,30.0,822.0
Q16832,DDR2_HUMAN,22.0,399.0
Q16853,AOC3_HUMAN,27.0,763.0
Q19T08,ECSCR_HUMAN,25.0,124.0
Q24JP5,T132A_HUMAN,36.0,852.0
Q29980,MICB_HUMAN,23.0,309.0
Q29983,MICA_HUMAN,24.0,307.0
Q2HXU8,CL12B_HUMAN,65.0,276.0
Q2I0M4,LRC26_HUMAN,27.0,261.0
Q30154,DRB5_HUMAN,30.0,227.0
Q30201,HFE_HUMAN,23.0,306.0
Q3SXP7,SHSL1_HUMAN,26.0,97.0
Q495A1,TIGIT_HUMAN,22.0,141.0
Q496F6,CLM2_HUMAN,18.0,173.0
Q4KMG0,CDON_HUMAN,26.0,963.0
Q4V9L6,TM119_HUMAN,26.0,96.0
Q53EL9,SEZ6_HUMAN,20.0,925.0
Q53RT3,APRV1_HUMAN,77.0,343.0
Q58DX5,NADL2_HUMAN,143.0,795.0
Q5DID0,UROL1_HUMAN,22.0,1272.0
Q5DX21,IGS11_HUMAN,23.0,241.0
Q5JX71,F209A_HUMAN,20.0,52.0
Q5JZY3,EPHAA_HUMAN,34.0,565.0
Q5KU26,COL12_HUMAN,59.0,742.0
Q5QGZ9,CL12A_HUMAN,65.0,265.0
Q5R3F8,PPR29_HUMAN,23.0,397.0
Q5SGD2,PPM1L_HUMAN,1.0,25.0
Q5SQ64,LY66F_HUMAN,17.0,235.0
Q5SSG8,MUC21_HUMAN,25.0,479.0
Q5T2D2,TRML2_HUMAN,19.0,268.0
Q5TAT6,CODA1_HUMAN,62.0,717.0
Q5VTT2,CFA95_HUMAN,1.0,123.0
Q5VUB5,F1711_HUMAN,22.0,303.0
Q5VV43,K0319_HUMAN,21.0,955.0
Q5VWK5,IL23R_HUMAN,24.0,355.0
Q5VX71,SUSD4_HUMAN,42.0,319.0
Q5VY43,PEAR1_HUMAN,21.0,755.0
Q5ZPR3,CD276_HUMAN,29.0,466.0
Q68D85,NR3L1_HUMAN,25.0,262.0
Q68DV7,RNF43_HUMAN,24.0,197.0
Q69384,ENK6_HUMAN,90.0,632.0
Q6AZY7,SCAR3_HUMAN,78.0,606.0
Q6DN72,FCRL6_HUMAN,20.0,307.0
Q6EIG7,CLC6A_HUMAN,42.0,209.0
Q6EMK4,VASN_HUMAN,24.0,575.0
Q6GTX8,LAIR1_HUMAN,22.0,165.0
Q6IA17,SIGIR_HUMAN,1.0,118.0
Q6ISU1,PTCRA_HUMAN,24.0,146.0
Q6MZM0,HPHL1_HUMAN,25.0,1114.0
Q6NSJ0,MYORG_HUMAN,78.0,714.0
Q6NUJ2,CK087_HUMAN,24.0,61.0
Q6NUS6,TECT3_HUMAN,23.0,581.0
Q6P1J6,PLB1_HUMAN,22.0,1417.0
Q6P531,GGT6_HUMAN,76.0,493.0
Q6PJG9,LRFN4_HUMAN,17.0,518.0
Q6PJW8,CNST_HUMAN,686.0,725.0
Q6UVW9,CLC2A_HUMAN,49.0,174.0
Q6UW56,ARAID_HUMAN,31.0,199.0
Q6UW88,EPGN_HUMAN,23.0,110.0
Q6UWB1,I27RA_HUMAN,33.0,516.0
Q6UWI2,PARM1_HUMAN,21.0,258.0
Q6UWL6,KIRR2_HUMAN,21.0,510.0
Q6UWU4,CF089_HUMAN,80.0,347.0
Q6UWV6,ENPP7_HUMAN,22.0,433.0
Q6UX15,LAYN_HUMAN,22.0,235.0
Q6UX27,VSTM1_HUMAN,17.0,135.0
Q6UX34,SNORC_HUMAN,25.0,92.0
Q6UX41,BTNL8_HUMAN,18.0,238.0
Q6UX71,PXDC2_HUMAN,31.0,454.0
Q6UXB4,CLC4G_HUMAN,53.0,293.0
Q6UXD5,SE6L2_HUMAN,28.0,844.0
Q6UXG2,ELAP1_HUMAN,42.0,910.0
Q6UXG3,CLM9_HUMAN,19.0,247.0
Q6UXG8,BTNL9_HUMAN,35.0,256.0
Q6UXK2,ISLR2_HUMAN,19.0,589.0
Q6UXL0,I20RB_HUMAN,30.0,233.0
Q6UXN8,CLC9A_HUMAN,57.0,241.0
Q6UXV0,GFRAL_HUMAN,19.0,351.0
Q6UXZ0,TMIG1_HUMAN,30.0,220.0
Q6UXZ3,CLM5_HUMAN,19.0,165.0
Q6UXZ4,UNC5D_HUMAN,33.0,379.0
Q6UY09,CEA20_HUMAN,31.0,450.0
Q6ZMC9,SIG15_HUMAN,20.0,263.0
Q6ZMI3,GLDN_HUMAN,40.0,551.0
Q6ZMJ2,SCAR5_HUMAN,82.0,495.0
Q6ZMR5,TM11A_HUMAN,40.0,418.0
Q6ZN44,UNC5A_HUMAN,26.0,306.0
Q6ZS10,CL17A_HUMAN,194.0,378.0
Q6ZSJ9,SHSA6_HUMAN,26.0,174.0
Q6ZTQ4,CDHR3_HUMAN,20.0,713.0
Q7KYR7,BT2A1_HUMAN,29.0,248.0
Q7L0X0,TRIL_HUMAN,26.0,696.0
Q7Z3D4,LYSM3_HUMAN,1.0,217.0
Q7Z3S7,CA2D4_HUMAN,20.0,1115.0
Q7Z410,TMPS9_HUMAN,51.0,1059.0
Q7Z4F1,LRP10_HUMAN,17.0,440.0
Q7Z6A9,BTLA_HUMAN,31.0,157.0
Q7Z6M3,MILR1_HUMAN,20.0,227.0
Q7Z7D3,VTCN1_HUMAN,25.0,259.0
Q86SJ2,AMGO2_HUMAN,40.0,398.0
Q86SJ6,DSG4_HUMAN,50.0,631.0
Q86SU0,ILDR1_HUMAN,24.0,167.0
Q86T13,CLC14_HUMAN,22.0,397.0
Q86T26,TM11B_HUMAN,39.0,416.0
Q86TY3,ARMD4_HUMAN,28.0,714.0
Q86UE6,LRRT1_HUMAN,35.0,427.0
Q86UK5,LBN_HUMAN,27.0,300.0
Q86UP0,CAD24_HUMAN,45.0,641.0
Q86UW2,OSTB_HUMAN,1.0,35.0
Q86V40,TIKI1_HUMAN,20.0,477.0
Q86VB7,C163A_HUMAN,42.0,1050.0
Q86VH5,LRRT3_HUMAN,31.0,419.0
Q86VZ4,LRP11_HUMAN,38.0,450.0
Q86WK6,AMGO1_HUMAN,28.0,372.0
Q86WR0,CCD25_HUMAN,1.0,66.0
Q86WS5,TMPSC_HUMAN,21.0,324.0
Q86X29,LSR_HUMAN,1.0,259.0
Q86XK7,VSIG1_HUMAN,22.0,232.0
Q86XM0,CTSRD_HUMAN,21.0,723.0
Q86XS8,GOLI_HUMAN,28.0,194.0
Q86YC3,LRC33_HUMAN,19.0,650.0
Q86YD3,TMM25_HUMAN,27.0,232.0
Q86YD5,LRAD3_HUMAN,18.0,173.0
Q86YL7,PDPN_HUMAN,23.0,131.0
Q86YT9,JAML_HUMAN,20.0,275.0
Q86YW5,TRML1_HUMAN,16.0,162.0
Q86Z14,KLOTB_HUMAN,1.0,996.0
Q8IU57,INLR1_HUMAN,21.0,228.0
Q8IU80,TMPS6_HUMAN,77.0,811.0
Q8IUK5,PLDX1_HUMAN,19.0,426.0
Q8IUN9,CLC10_HUMAN,61.0,316.0
Q8IUW5,RELL1_HUMAN,24.0,57.0
Q8IW00,VSTM4_HUMAN,24.0,180.0
Q8IW52,SLIK4_HUMAN,19.0,618.0
Q8IWB1,IPRI_HUMAN,16.0,83.0
Q8IWT1,SCN4B_HUMAN,31.0,162.0
Q8IWV1,LAX1_HUMAN,1.0,37.0
Q8IX05,CD302_HUMAN,23.0,168.0
Q8IX19,MCEM1_HUMAN,107.0,187.0
Q8IXA5,SACA3_HUMAN,85.0,215.0
Q8IXH8,CAD26_HUMAN,28.0,614.0
Q8IYJ0,PIANP_HUMAN,32.0,178.0
Q8IYR6,TEFF1_HUMAN,40.0,330.0
Q8IYV9,IZUM1_HUMAN,22.0,292.0
Q8IZJ1,UNC5B_HUMAN,27.0,377.0
Q8IZU9,KIRR3_HUMAN,22.0,535.0
Q8J025,APCD1_HUMAN,27.0,492.0
Q8N0W4,NLGNX_HUMAN,42.0,676.0
Q8N114,SHSA5_HUMAN,29.0,105.0
Q8N126,CADM3_HUMAN,25.0,330.0
Q8N131,PORIM_HUMAN,27.0,166.0
Q8N149,LIRA2_HUMAN,24.0,449.0
Q8N1N2,DYNAP_HUMAN,135.0,210.0
Q8N2K0,ABD12_HUMAN,96.0,398.0
Q8N2Q7,NLGN1_HUMAN,46.0,717.0
Q8N350,CBARP_HUMAN,1.0,45.0
Q8N386,LRC25_HUMAN,21.0,165.0
Q8N387,MUC15_HUMAN,24.0,236.0
Q8N3G9,TM130_HUMAN,25.0,339.0
Q8N3J6,CADM2_HUMAN,25.0,367.0
Q8N423,LIRB2_HUMAN,22.0,460.0
Q8N441,FGRL1_HUMAN,25.0,378.0
Q8N539,FBCD1_HUMAN,55.0,461.0
Q8N608,DPP10_HUMAN,56.0,796.0
Q8N6K0,TEX29_HUMAN,1.0,56.0
Q8N6P7,I22R1_HUMAN,16.0,228.0
Q8N743,KI3L3_HUMAN,26.0,322.0
Q8N7C0,LRC52_HUMAN,24.0,244.0
Q8N9M5,TM102_HUMAN,1.0,260.0
Q8NAC3,I17RC_HUMAN,21.0,538.0
Q8NAU1,FNDC5_HUMAN,32.0,152.0
Q8NB59,SYT14_HUMAN,1.0,24.0
Q8NBV8,SYT8_HUMAN,1.0,34.0
Q8NC01,CLC1A_HUMAN,74.0,280.0
Q8NC67,NETO2_HUMAN,23.0,347.0
Q8NCW0,KREM2_HUMAN,26.0,364.0
Q8NER5,ACV1C_HUMAN,22.0,113.0
Q8NET5,NFAM1_HUMAN,43.0,163.0
Q8NFM7,I17RD_HUMAN,17.0,299.0
Q8NFR9,I17RE_HUMAN,24.0,454.0
Q8NFT8,DNER_HUMAN,35.0,640.0
Q8NFY4,SEM6D_HUMAN,21.0,662.0
Q8NFZ3,NLGNY_HUMAN,44.0,676.0
Q8NFZ4,NLGN2_HUMAN,15.0,677.0
Q8NHJ6,LIRB4_HUMAN,22.0,259.0
Q8NHL6,LIRB1_HUMAN,24.0,461.0
Q8NI17,IL31R_HUMAN,20.0,519.0
Q8TAB3,PCD19_HUMAN,22.0,678.0
Q8TBP5,F174A_HUMAN,30.0,123.0
Q8TC27,ADA32_HUMAN,175.0,682.0
Q8TCZ2,C99L2_HUMAN,26.0,185.0
Q8TD07,RAE1E_HUMAN,31.0,225.0
Q8TD46,MO2R1_HUMAN,29.0,265.0
Q8TD84,DSCL1_HUMAN,19.0,1591.0
Q8TDF5,NETO1_HUMAN,23.0,344.0
Q8TDQ0,HAVR2_HUMAN,22.0,202.0
Q8TDQ1,CLM1_HUMAN,20.0,156.0
Q8TF66,LRC15_HUMAN,22.0,538.0
Q8WTT0,CLC4C_HUMAN,45.0,213.0
Q8WVN6,SCTM1_HUMAN,29.0,145.0
Q8WVV5,BT2A2_HUMAN,33.0,265.0
Q8WWG9,KCNE4_HUMAN,1.0,86.0
Q8WWV6,FCAMR_HUMAN,17.0,450.0
Q8WXI8,CLC4D_HUMAN,39.0,215.0
Q8WZ59,TM190_HUMAN,22.0,81.0
Q92478,CLC2B_HUMAN,26.0,149.0
Q92537,SUSD6_HUMAN,40.0,120.0
Q92542,NICA_HUMAN,34.0,669.0
Q92629,SGCD_HUMAN,57.0,289.0
Q92637,FCGRB_HUMAN,16.0,198.0
Q92692,NECT2_HUMAN,32.0,360.0
Q92729,PTPRU_HUMAN,19.0,749.0
Q92823,NRCAM_HUMAN,25.0,1167.0
Q92824,PCSK5_HUMAN,115.0,1743.0
Q92838,EDA_HUMAN,63.0,391.0
Q92854,SEM4D_HUMAN,22.0,734.0
Q92859,NEO1_HUMAN,34.0,1105.0
Q92896,GSLG1_HUMAN,30.0,1145.0
Q92932,PTPR2_HUMAN,22.0,615.0
Q92956,TNR14_HUMAN,39.0,202.0
Q93033,IGSF2_HUMAN,21.0,954.0
Q93038,TNR25_HUMAN,25.0,199.0
Q95460,HMR1_HUMAN,23.0,302.0
Q969P0,IGSF8_HUMAN,28.0,579.0
Q969Z4,TR19L_HUMAN,26.0,162.0
Q96AP7,ESAM_HUMAN,30.0,248.0
Q96AW1,VOPP1_HUMAN,23.0,60.0
Q96BF3,TMIG2_HUMAN,23.0,150.0
Q96D42,HAVR1_HUMAN,21.0,295.0
Q96DB9,FXYD5_HUMAN,22.0,145.0
Q96DU3,SLAF6_HUMAN,22.0,226.0
Q96E93,KLRG1_HUMAN,60.0,195.0
Q96F05,CK024_HUMAN,21.0,400.0
Q96F46,I17RA_HUMAN,33.0,320.0
Q96FE5,LIGO1_HUMAN,42.0,561.0
Q96FE7,P3IP1_HUMAN,22.0,168.0
Q96GP6,SREC2_HUMAN,44.0,441.0
Q96GX1,TECT2_HUMAN,26.0,668.0
Q96H15,TIMD4_HUMAN,25.0,314.0
Q96J42,TXD15_HUMAN,33.0,321.0
Q96J84,KIRR1_HUMAN,17.0,499.0
Q96JA1,LRIG1_HUMAN,35.0,794.0
Q96JP9,CDHR1_HUMAN,20.0,700.0
Q96KG7,MEG10_HUMAN,26.0,857.0
Q96L08,SUSD3_HUMAN,1.0,103.0
Q96LA5,FCRL2_HUMAN,20.0,401.0
Q96LA6,FCRL1_HUMAN,17.0,307.0
Q96LC7,SIG10_HUMAN,17.0,550.0
Q96MS0,ROBO3_HUMAN,21.0,891.0
Q96MU8,KREM1_HUMAN,21.0,392.0
Q96NI6,LRFN5_HUMAN,18.0,529.0
Q96NY8,NECT4_HUMAN,32.0,349.0
Q96P31,FCRL3_HUMAN,18.0,573.0
Q96PD2,DCBD2_HUMAN,67.0,528.0
Q96PJ5,FCRL4_HUMAN,20.0,387.0
Q96PL5,ERMAP_HUMAN,30.0,155.0
Q96PQ0,SORC2_HUMAN,51.0,1078.0
Q96PQ1,SIG12_HUMAN,19.0,481.0
Q96PX8,SLIK1_HUMAN,18.0,622.0
Q96QU1,PCD15_HUMAN,27.0,1376.0
Q96RD9,FCRL5_HUMAN,16.0,851.0
Q96RJ3,TR13C_HUMAN,1.0,78.0
Q96RL6,SIG11_HUMAN,28.0,561.0
Q99062,CSF3R_HUMAN,25.0,627.0
Q99075,HBEGF_HUMAN,20.0,160.0
Q99466,NOTC4_HUMAN,24.0,1447.0
Q99467,CD180_HUMAN,24.0,626.0
Q99523,SORT_HUMAN,78.0,755.0
Q99650,OSMR_HUMAN,28.0,740.0
Q99665,I12R2_HUMAN,24.0,622.0
Q99706,KI2L4_HUMAN,22.0,242.0
Q99795,GPA33_HUMAN,22.0,235.0
Q99946,PRRT1_HUMAN,245.0,275.0
Q99965,ADAM2_HUMAN,175.0,686.0
Q9BQ51,PD1L2_HUMAN,20.0,220.0
Q9BQS7,HEPH_HUMAN,24.0,1110.0
Q9BQT9,CSTN3_HUMAN,20.0,847.0
Q9BRK3,MXRA8_HUMAN,20.0,341.0
Q9BTN0,LRFN3_HUMAN,17.0,539.0
Q9BUF7,CRUM3_HUMAN,27.0,59.0
Q9BWV1,BOC_HUMAN,31.0,855.0
Q9BX67,JAM3_HUMAN,32.0,241.0
Q9BX97,PLVAP_HUMAN,49.0,442.0
Q9BXJ7,AMNLS_HUMAN,20.0,357.0
Q9BXN2,CLC7A_HUMAN,66.0,247.0
Q9BXR5,TLR10_HUMAN,20.0,576.0
Q9BXS0,COPA1_HUMAN,55.0,654.0
Q9BXS4,TMM59_HUMAN,36.0,238.0
Q9BY67,CADM1_HUMAN,45.0,374.0
Q9BY79,MFRP_HUMAN,91.0,579.0
Q9BYE2,TMPSD_HUMAN,187.0,586.0
Q9BYE9,CDHR2_HUMAN,21.0,1154.0
Q9BYF1,ACE2_HUMAN,18.0,740.0
Q9BYH1,SE6L1_HUMAN,29.0,958.0
Q9BZ11,ADA33_HUMAN,30.0,701.0
Q9BZA7,PC11X_HUMAN,24.0,812.0
Q9BZA8,PC11Y_HUMAN,29.0,844.0
Q9BZD6,TMG4_HUMAN,50.0,113.0
Q9BZG2,PPAT_HUMAN,27.0,393.0
Q9BZV3,IMPG2_HUMAN,23.0,1099.0
Q9BZW8,CD244_HUMAN,22.0,229.0
Q9BZZ2,SN_HUMAN,20.0,1641.0
Q9C0A0,CNTP4_HUMAN,26.0,1241.0
Q9C0C4,SEM4C_HUMAN,21.0,663.0
Q9C0I4,THS7B_HUMAN,32.0,1555.0
Q9H013,ADA19_HUMAN,203.0,699.0
Q9H0Q3,FXYD6_HUMAN,19.0,35.0
Q9H156,SLIK2_HUMAN,22.0,621.0
Q9H159,CAD19_HUMAN,44.0,596.0
Q9H2A7,CXL16_HUMAN,30.0,205.0
Q9H2E6,SEM6A_HUMAN,19.0,649.0
Q9H2S6,TNMD_HUMAN,51.0,317.0
Q9H2U9,ADAM7_HUMAN,19.0,668.0
Q9H2X3,CLC4M_HUMAN,71.0,399.0
Q9H3N1,TMX1_HUMAN,27.0,180.0
Q9H3R2,MUC13_HUMAN,19.0,421.0
Q9H3S1,SEM4A_HUMAN,33.0,683.0
Q9H3S3,TMPS5_HUMAN,71.0,457.0
Q9H3T2,SEM6C_HUMAN,25.0,604.0
Q9H3T3,SEM6B_HUMAN,26.0,603.0
Q9H4D0,CSTN2_HUMAN,21.0,831.0
Q9H5V8,CDCP1_HUMAN,30.0,667.0
Q9H5Y7,SLIK6_HUMAN,27.0,608.0
Q9H6B4,CLMP_HUMAN,19.0,235.0
Q9H6X2,ANTR1_HUMAN,33.0,321.0
Q9H7M9,VISTA_HUMAN,33.0,194.0
Q9H7V2,SYNG1_HUMAN,203.0,228.0
Q9H9K5,MER34_HUMAN,27.0,488.0
Q9H9P2,CHODL_HUMAN,22.0,216.0
Q9HAV5,TNR27_HUMAN,1.0,138.0
Q9HB29,ILRL2_HUMAN,20.0,335.0
Q9HBB8,CDHR5_HUMAN,26.0,669.0
Q9HBE5,IL21R_HUMAN,20.0,232.0
Q9HBG7,LY9_HUMAN,48.0,454.0
Q9HBJ8,CLTRN_HUMAN,15.0,141.0
Q9HBT6,CAD20_HUMAN,60.0,619.0
Q9HBV2,SACA1_HUMAN,30.0,221.0
Q9HBW1,LRRC4_HUMAN,39.0,527.0
Q9HC73,CRLF2_HUMAN,23.0,231.0
Q9HCK4,ROBO2_HUMAN,22.0,859.0
Q9HCM2,PLXA4_HUMAN,24.0,1237.0
Q9HCN6,GPVI_HUMAN,21.0,267.0
Q9HCU0,CD248_HUMAN,18.0,687.0
Q9HD43,PTPRH_HUMAN,28.0,754.0
Q9HDB5,NRX3B_HUMAN,36.0,562.0
Q9HDC9,APMAP_HUMAN,62.0,416.0
Q9N2K0,ENH1_HUMAN,36.0,523.0
Q9NNX6,CD209_HUMAN,59.0,404.0
Q9NP60,IRPL2_HUMAN,17.0,354.0
Q9NP84,TNR12_HUMAN,28.0,80.0
Q9NP99,TREM1_HUMAN,21.0,205.0
Q9NPF0,CD320_HUMAN,36.0,229.0
Q9NPG4,PCD12_HUMAN,25.0,718.0
Q9NPH3,IL1AP_HUMAN,21.0,367.0
Q9NPR2,SEM4B_HUMAN,44.0,717.0
Q9NPY3,C1QR1_HUMAN,24.0,580.0
Q9NQ25,SLAF7_HUMAN,23.0,226.0
Q9NQS3,NECT3_HUMAN,58.0,404.0
Q9NR16,C163B_HUMAN,41.0,1359.0
Q9NR61,DLL4_HUMAN,27.0,529.0
Q9NR96,TLR9_HUMAN,26.0,818.0
Q9NR97,TLR8_HUMAN,27.0,827.0
Q9NRJ7,PCDBG_HUMAN,29.0,690.0
Q9NRM6,I17RB_HUMAN,18.0,292.0
Q9NRS4,TMPS4_HUMAN,54.0,437.0
Q9NRX6,KISHB_HUMAN,23.0,52.0
Q9NS62,THSD1_HUMAN,25.0,413.0
Q9NS68,TNR19_HUMAN,30.0,170.0
Q9NT99,LRC4B_HUMAN,36.0,576.0
Q9NTN9,SEM4G_HUMAN,18.0,675.0
Q9NY25,CLC5A_HUMAN,28.0,188.0
Q9NY47,CA2D2_HUMAN,19.0,1113.0
Q9NY72,SCN3B_HUMAN,23.0,159.0
Q9NYJ7,DLL3_HUMAN,27.0,492.0
Q9NYK1,TLR7_HUMAN,27.0,839.0
Q9NYX4,CALY_HUMAN,1.0,87.0
Q9NYZ4,SIGL8_HUMAN,17.0,363.0
Q9NZ53,PDXL2_HUMAN,33.0,500.0
Q9NZ94,NLGN3_HUMAN,38.0,709.0
Q9NZC2,TREM2_HUMAN,19.0,174.0
Q9NZN1,IRPL1_HUMAN,19.0,357.0
Q9NZQ7,PD1L1_HUMAN,19.0,238.0
Q9NZS2,KLRF1_HUMAN,60.0,231.0
Q9NZU0,FLRT3_HUMAN,29.0,528.0
Q9NZU1,FLRT1_HUMAN,49.0,552.0
Q9NZV1,CRIM1_HUMAN,35.0,939.0
Q9P0K1,ADA22_HUMAN,223.0,736.0
Q9P0T7,TMEM9_HUMAN,21.0,89.0
Q9P0V8,SLAF8_HUMAN,23.0,233.0
Q9P126,CLC1B_HUMAN,55.0,229.0
Q9P1T7,MDFIC_HUMAN,1.0,170.0
Q9P1W8,SIRPG_HUMAN,29.0,360.0
Q9P246,STIM2_HUMAN,15.0,218.0
Q9P283,SEM5B_HUMAN,1.0,1036.0
Q9P2B2,FPRP_HUMAN,26.0,832.0
Q9P2J2,TUTLA_HUMAN,21.0,734.0
Q9P2S2,NRX2A_HUMAN,29.0,1636.0
Q9UBG0,MRC2_HUMAN,31.0,1414.0
Q9UBK5,HCST_HUMAN,19.0,48.0
Q9UBN6,TR10D_HUMAN,56.0,211.0
Q9UEF7,KLOT_HUMAN,34.0,981.0
Q9UEW3,MARCO_HUMAN,65.0,520.0
Q9UF33,EPHA6_HUMAN,23.0,550.0
Q9UGN4,CLM8_HUMAN,18.0,180.0
Q9UGT4,SUSD2_HUMAN,28.0,785.0
Q9UHC6,CNTP2_HUMAN,28.0,1262.0
Q9UHF4,I20RA_HUMAN,30.0,250.0
Q9UHN6,CEIP2_HUMAN,104.0,1383.0
Q9UHP7,CLC2D_HUMAN,60.0,191.0
Q9UIB8,SLAF5_HUMAN,22.0,225.0
Q9UIK5,TEFF2_HUMAN,41.0,320.0
Q9UIQ6,LCAP_HUMAN,132.0,1025.0
Q9UIR0,BTNL2_HUMAN,24.0,482.0
Q9UIW2,PLXA1_HUMAN,27.0,1244.0
Q9UJ14,GGT7_HUMAN,128.0,662.0
Q9UJ71,CLC4K_HUMAN,65.0,328.0
Q9UJQ1,LAMP5_HUMAN,30.0,235.0
Q9UKB5,AJAP1_HUMAN,44.0,282.0
Q9UKF2,ADA30_HUMAN,199.0,687.0
Q9UKF5,ADA29_HUMAN,194.0,674.0
Q9UKJ1,PILRA_HUMAN,20.0,197.0
Q9UKJ8,ADA21_HUMAN,197.0,681.0
Q9UKQ2,ADA28_HUMAN,199.0,665.0
Q9UKU6,TRHDE_HUMAN,107.0,1069.0
Q9UKX5,ITA11_HUMAN,23.0,1141.0
Q9UL52,TM11E_HUMAN,41.0,423.0
Q9ULB1,NRX1A_HUMAN,31.0,1401.0
Q9ULB4,CADH9_HUMAN,54.0,615.0
Q9ULB5,CADH7_HUMAN,28.0,607.0
Q9ULC0,MUCEN_HUMAN,19.0,190.0
Q9ULH4,LRFN2_HUMAN,21.0,534.0
Q9ULI3,HEG1_HUMAN,30.0,1248.0
Q9ULL4,PLXB3_HUMAN,45.0,1255.0
Q9ULT6,ZNRF3_HUMAN,56.0,219.0
Q9ULX7,CAH14_HUMAN,16.0,290.0
Q9ULY5,CLC4E_HUMAN,41.0,219.0
Q9UM47,NOTC3_HUMAN,40.0,1643.0
Q9UM73,ALK_HUMAN,19.0,1038.0
Q9UMD9,COHA1_HUMAN,489.0,1497.0
Q9UMF0,ICAM5_HUMAN,32.0,835.0
Q9UMR7,CLC4A_HUMAN,70.0,237.0
Q9UMZ3,PTPRQ_HUMAN,36.0,1947.0
Q9UN72,PCDA7_HUMAN,30.0,697.0
Q9UN73,PCDA6_HUMAN,30.0,697.0
Q9UN74,PCDA4_HUMAN,30.0,697.0
Q9UNE0,EDAR_HUMAN,27.0,187.0
Q9UNG2,TNF18_HUMAN,49.0,177.0
Q9UNN8,EPCR_HUMAN,18.0,210.0
Q9UP52,TFR2_HUMAN,105.0,801.0
Q9UPZ6,THS7A_HUMAN,48.0,1607.0
Q9UQC9,CLCA2_HUMAN,32.0,901.0
Q9UQF0,SYCY1_HUMAN,21.0,443.0
Q9UQQ1,NALDL_HUMAN,29.0,740.0
Q9Y219,JAG2_HUMAN,27.0,1080.0
Q9Y275,TN13B_HUMAN,68.0,285.0
Q9Y279,VSIG4_HUMAN,20.0,283.0
Q9Y286,SIGL7_HUMAN,19.0,353.0
Q9Y2B1,RXLT1_HUMAN,31.0,443.0
Q9Y2C9,TLR6_HUMAN,32.0,586.0
Q9Y2G8,DJC16_HUMAN,557.0,782.0
Q9Y2Y6,TMM98_HUMAN,25.0,226.0
Q9Y320,TMX2_HUMAN,49.0,102.0
Q9Y336,SIGL9_HUMAN,18.0,348.0
Q9Y3Q0,NALD2_HUMAN,32.0,740.0
Q9Y3Q7,ADA18_HUMAN,177.0,687.0
Q9Y4C0,NRX3A_HUMAN,28.0,1568.0
Q9Y4D7,PLXD1_HUMAN,47.0,1271.0
Q9Y561,LRP12_HUMAN,33.0,492.0
Q9Y5E3,PCDB6_HUMAN,28.0,688.0
Q9Y5E9,PCDBE_HUMAN,27.0,686.0
Q9Y5F1,PCDBC_HUMAN,27.0,690.0
Q9Y5F7,PCDGL_HUMAN,30.0,692.0
Q9Y5H5,PCDA9_HUMAN,30.0,697.0
Q9Y5H9,PCDA2_HUMAN,23.0,697.0
Q9Y5I2,PCDAA_HUMAN,29.0,695.0
Q9Y5I3,PCDA1_HUMAN,30.0,697.0
Q9Y5Q5,CORIN_HUMAN,67.0,1042.0
Q9Y5R2,MMP24_HUMAN,53.0,602.0
Q9Y5U5,TNR18_HUMAN,26.0,162.0
Q9Y5Y6,ST14_HUMAN,77.0,855.0
Q9Y5Y7,LYVE1_HUMAN,20.0,238.0
Q9Y5Z0,BACE2_HUMAN,21.0,473.0
Q9Y624,JAM1_HUMAN,28.0,238.0
Q9Y639,NPTN_HUMAN,29.0,339.0
Q9Y6N7,ROBO1_HUMAN,26.0,897.0
Q9Y6N8,CAD10_HUMAN,55.0,613.0
Q9Y6Q6,TNR11_HUMAN,30.0,212.0
Q9Y6W8,ICOS_HUMAN,21.0,140.0
Q9Y6X5,ENPP4_HUMAN,16.0,407.0
A0A1B0GTQ4,MYMX_HUMAN,26.0,84.0
A6NL88,SHSA7_HUMAN,20.0,186.0
A6NMB1,SIG16_HUMAN,17.0,434.0
A8MWY0,ELAP2_HUMAN,48.0,929.0
A8MXK1,VSTM5_HUMAN,29.0,147.0
B4DS77,SHSA9_HUMAN,24.0,149.0
B8ZZ34,SHSA8_HUMAN,39.0,138.0
O14668,TMG1_HUMAN,21.0,83.0
O43908,NKG2F_HUMAN,96.0,158.0
O60245,PCDH7_HUMAN,29.0,879.0
O60279,SUSD5_HUMAN,36.0,574.0
O60330,PCDGC_HUMAN,30.0,692.0
O71037,ENK19_HUMAN,90.0,632.0
O75325,LRRN2_HUMAN,19.0,630.0
O95976,IGSF6_HUMAN,28.0,153.0
P0C7U0,ELFN1_HUMAN,28.0,418.0
P43627,KI2L2_HUMAN,22.0,245.0
P55808,XG_HUMAN,22.0,142.0
P58549,FXYD7_HUMAN,1.0,23.0
P58658,EVA1C_HUMAN,49.0,322.0
P61550,ENVT1_HUMAN,39.0,575.0
P61565,ENK21_HUMAN,89.0,631.0
Q14952,KI2S3_HUMAN,22.0,245.0
Q14C87,T132D_HUMAN,31.0,915.0
Q2VWP7,PRTG_HUMAN,36.0,949.0
Q3KNT9,TMM95_HUMAN,17.0,145.0
Q3KPI0,CEA21_HUMAN,35.0,240.0
Q3MIW9,MUCL3_HUMAN,30.0,448.0
Q3SY77,UD3A2_HUMAN,23.0,483.0
Q3ZCQ3,F174B_HUMAN,27.0,90.0
Q4G0T1,SRCRM_HUMAN,20.0,906.0
Q5JRM2,CX066_HUMAN,20.0,47.0
Q5JXA9,SIRB2_HUMAN,33.0,287.0
Q5SY80,CTSRE_HUMAN,20.0,903.0
Q5TFQ8,SIRBL_HUMAN,30.0,371.0
Q5VU97,CAHD1_HUMAN,36.0,1095.0
Q5VV63,ATRN1_HUMAN,53.0,1230.0
Q6GPH6,IPIL1_HUMAN,25.0,103.0
Q6IEE7,T132E_HUMAN,26.0,893.0
Q6NUS8,UD3A1_HUMAN,23.0,483.0
Q6P9G4,TM154_HUMAN,23.0,75.0
Q6PCB8,EMB_HUMAN,33.0,260.0
Q6PI73,LIRA6_HUMAN,24.0,447.0
Q6Q8B3,MO2R2_HUMAN,24.0,239.0
Q6UWL2,SUSD1_HUMAN,30.0,721.0
Q6UWM7,LCTL_HUMAN,23.0,541.0
Q6UWV2,MPZL3_HUMAN,32.0,158.0
Q6UXC1,AEGP_HUMAN,23.0,1151.0
Q6UXK5,LRRN1_HUMAN,26.0,631.0
Q6UY11,DLK2_HUMAN,27.0,306.0
Q6ZRH7,CTSRG_HUMAN,36.0,1065.0
Q6ZWK6,TM11F_HUMAN,54.0,438.0
Q7RTY8,TMPS7_HUMAN,98.0,843.0
Q7Z692,CEA19_HUMAN,33.0,157.0
Q86VR7,VS10L_HUMAN,28.0,776.0
Q86WK7,AMGO3_HUMAN,20.0,383.0
Q86XR5,PRIMA_HUMAN,36.0,92.0
Q86XT9,TM219_HUMAN,39.0,204.0
Q86Y22,CONA1_HUMAN,57.0,540.0
Q8IZS7,CLCL1_HUMAN,89.0,167.0
Q8IZS8,CA2D3_HUMAN,29.0,1068.0
Q8N109,KI2LA_HUMAN,22.0,238.0
Q8N6Y1,PCD20_HUMAN,61.0,890.0
Q8NBR0,P5I13_HUMAN,28.0,309.0
Q8NHK3,KI2LB_HUMAN,22.0,238.0
Q8TBQ9,KISHA_HUMAN,27.0,53.0
Q8TCW7,ZPLD1_HUMAN,20.0,372.0
Q8TDY8,IGDC4_HUMAN,25.0,957.0
Q8WUT4,LRRN4_HUMAN,19.0,679.0
Q8WWG1,NRG4_HUMAN,1.0,62.0
Q902F8,ENK8_HUMAN,90.0,632.0
Q902F9,EN113_HUMAN,90.0,632.0
Q96A28,SLAF9_HUMAN,19.0,236.0
Q96DD7,SHSA4_HUMAN,28.0,87.0
Q96IQ7,VSIG2_HUMAN,24.0,243.0
Q96J86,CYYR1_HUMAN,30.0,61.0
Q96LD1,SGCZ_HUMAN,59.0,299.0
Q96NU0,CNT3B_HUMAN,26.0,1245.0
Q96PE5,OPALI_HUMAN,1.0,29.0
Q9BZ76,CNTP3_HUMAN,26.0,1245.0
Q9BZD7,TMG3_HUMAN,20.0,78.0
Q9H0X4,F234A_HUMAN,71.0,552.0
Q9H158,PCDC1_HUMAN,19.0,683.0
Q9H1U4,MEGF9_HUMAN,31.0,514.0
Q9H665,IGFR1_HUMAN,23.0,163.0
Q9H6D8,FNDC4_HUMAN,45.0,167.0
Q9H756,LRC19_HUMAN,25.0,270.0
Q9H8J5,MANS1_HUMAN,27.0,385.0
Q9HBL6,LRTM1_HUMAN,28.0,288.0
Q9HC56,PCDH9_HUMAN,24.0,814.0
Q9HCL0,PCD18_HUMAN,28.0,699.0
Q9N2J8,ENH3_HUMAN,36.0,515.0
Q9NSI5,IGSF5_HUMAN,1.0,266.0
Q9P244,LRFN1_HUMAN,32.0,536.0
Q9P2E7,PCD10_HUMAN,19.0,715.0
Q9UJ99,CAD22_HUMAN,36.0,624.0
Q9UKH3,ENK9_HUMAN,90.0,631.0
Q9UKJ0,PILRB_HUMAN,20.0,191.0
Q9ULK6,RN150_HUMAN,35.0,208.0
Q9UN66,PCDB8_HUMAN,30.0,691.0
Q9UN67,PCDBA_HUMAN,27.0,692.0
Q9UN70,PCDGK_HUMAN,32.0,693.0
Q9UN71,PCDGG_HUMAN,31.0,689.0
Q9UN75,PCDAC_HUMAN,30.0,697.0
Q9UPX0,TUTLB_HUMAN,21.0,722.0
Q9Y5E1,PCDB9_HUMAN,27.0,690.0
Q9Y5E2,PCDB7_HUMAN,27.0,688.0
Q9Y5E4,PCDB5_HUMAN,31.0,689.0
Q9Y5E5,PCDB4_HUMAN,28.0,689.0
Q9Y5E6,PCDB3_HUMAN,27.0,690.0
Q9Y5E7,PCDB2_HUMAN,31.0,692.0
Q9Y5E8,PCDBF_HUMAN,27.0,690.0
Q9Y5F0,PCDBD_HUMAN,29.0,690.0
Q9Y5F2,PCDBB_HUMAN,27.0,690.0
Q9Y5F3,PCDB1_HUMAN,29.0,691.0
Q9Y5F6,PCDGM_HUMAN,30.0,693.0
Q9Y5F8,PCDGJ_HUMAN,31.0,691.0
Q9Y5F9,PCDGI_HUMAN,31.0,691.0
Q9Y5G0,PCDGH_HUMAN,31.0,687.0
Q9Y5G1,PCDGF_HUMAN,31.0,691.0
Q9Y5G2,PCDGE_HUMAN,31.0,691.0
Q9Y5G3,PCDGD_HUMAN,29.0,687.0
Q9Y5G4,PCDG9_HUMAN,29.0,692.0
Q9Y5G5,PCDG8_HUMAN,30.0,692.0
Q9Y5G6,PCDG7_HUMAN,29.0,692.0
Q9Y5G7,PCDG6_HUMAN,30.0,692.0
Q9Y5G8,PCDG5_HUMAN,30.0,692.0
Q9Y5G9,PCDG4_HUMAN,60.0,723.0
Q9Y5H0,PCDG3_HUMAN,30.0,692.0
Q9Y5H1,PCDG2_HUMAN,29.0,692.0
Q9Y5H2,PCDGB_HUMAN,30.0,693.0
Q9Y5H3,PCDGA_HUMAN,33.0,696.0
Q9Y5H4,PCDG1_HUMAN,29.0,692.0
Q9Y5H6,PCDA8_HUMAN,30.0,697.0
Q9Y5H7,PCDA5_HUMAN,29.0,696.0
Q9Y5H8,PCDA3_HUMAN,30.0,697.0
Q9Y5I0,PCDAD_HUMAN,30.0,697.0
Q9Y5I1,PCDAB_HUMAN,30.0,696.0
Q9Y5I4,PCDC2_HUMAN,43.0,708.0
W5XKT8,SACA6_HUMAN,27.0,295.0
A2RRL7,TM213_HUMAN,28.0,70.0
A6H8M9,CDHR4_HUMAN,17.0,686.0
A6NF34,ANTRL_HUMAN,28.0,353.0
A6NHS7,MANS4_HUMAN,25.0,284.0
A6NJW9,CD8B2_HUMAN,19.0,170.0
A6NM11,L37A2_HUMAN,36.0,1582.0
A6NMS7,L37A1_HUMAN,36.0,1582.0
A8MVS5,HIDE1_HUMAN,20.0,117.0
A8MVW0,F1712_HUMAN,30.0,315.0
A8MVZ5,BTNLA_HUMAN,27.0,254.0
E2RYF6,MUC22_HUMAN,27.0,1660.0
I3L273,GFY_HUMAN,20.0,409.0
O60309,L37A3_HUMAN,36.0,1581.0
O95502,NPTXR_HUMAN,24.0,500.0
P0C6S8,LIGO3_HUMAN,25.0,531.0
P0C7V7,SC11B_HUMAN,25.0,166.0
P15421,GLPE_HUMAN,20.0,52.0
P59646,FXYD4_HUMAN,21.0,38.0
Q14DG7,T132B_HUMAN,1.0,903.0
Q17R55,F187B_HUMAN,18.0,335.0
Q2TBF2,WSCD2_HUMAN,42.0,565.0
Q5JX69,F209B_HUMAN,20.0,52.0
Q5SZI1,LRAD2_HUMAN,26.0,233.0
Q5T1S8,NCMAP_HUMAN,1.0,30.0
Q5T292,TM273_HUMAN,20.0,38.0
Q5TEA6,SE1L2_HUMAN,24.0,662.0
Q5VXM1,CDCP2_HUMAN,23.0,516.0
Q5XG99,LYSM4_HUMAN,1.0,217.0
Q658N2,WSCD1_HUMAN,36.0,575.0
Q6P995,F171B_HUMAN,33.0,353.0
Q6UWH4,GAK1B_HUMAN,56.0,519.0
Q6UWI4,SHSA2_HUMAN,34.0,110.0
Q6UWJ8,C16L2_HUMAN,30.0,141.0
Q6UWM9,UD2A3_HUMAN,24.0,491.0
Q6UXE8,BTNL3_HUMAN,18.0,237.0
Q6UXU6,TMM92_HUMAN,27.0,57.0
Q6UXV1,IZUM2_HUMAN,21.0,186.0
Q6UY18,LIGO4_HUMAN,29.0,533.0
Q6ZNI0,GCNT7_HUMAN,26.0,430.0
Q75NE6,MIRH1_HUMAN,44.0,70.0
Q7L985,LIGO2_HUMAN,28.0,545.0
Q86VH4,LRRT4_HUMAN,31.0,424.0
Q8IVY1,CA210_HUMAN,1.0,29.0
Q8IYS2,K2013_HUMAN,41.0,589.0
Q8N0Z9,VSI10_HUMAN,31.0,413.0
Q8N1N0,CLC4F_HUMAN,61.0,589.0
Q8N3T6,T132C_HUMAN,28.0,922.0
Q8N8Z6,DCBD1_HUMAN,35.0,459.0
Q8N967,LRTM2_HUMAN,36.0,310.0
Q8NEA5,CS018_HUMAN,30.0,100.0
Q8NEW7,TMIE_HUMAN,28.0,57.0
Q8TCP9,F200A_HUMAN,1.0,513.0
Q8WYK1,CNTP5_HUMAN,25.0,1237.0
Q96KJ4,MSLNL_HUMAN,36.0,638.0
Q96KV6,BT2A3_HUMAN,28.0,246.0
Q96QE4,LR37B_HUMAN,28.0,905.0
Q9H3W5,LRRN3_HUMAN,23.0,628.0
Q9H7T0,CTSRB_HUMAN,1.0,1053.0
A0A1B0GV85,RELD1_HUMAN,24.0,443.0
A0A2R8Y7Y5,CIST1_HUMAN,25.0,180.0
A0A6I8PU40,TUG1_HUMAN,41.0,132.0
A0ZSE6,CC50C_HUMAN,56.0,113.0
A2RUT3,TMM89_HUMAN,25.0,63.0
A6NDX4,YO011_HUMAN,24.0,124.0
A6NFU0,F187A_HUMAN,18.0,376.0
A6NGZ8,SMIM9_HUMAN,27.0,73.0
A6NLE4,SIM23_HUMAN,54.0,172.0
A6NLU5,VTM2B_HUMAN,29.0,263.0
B0FP48,UPK3L_HUMAN,34.0,204.0
B6SEH8,ERVV1_HUMAN,22.0,321.0
E5RIL1,UPKL2_HUMAN,34.0,204.0
F2Z333,FND10_HUMAN,21.0,182.0
P0DKB5,TPBGL_HUMAN,27.0,307.0
P0DPA2,VSIG8_HUMAN,22.0,263.0
P0DPE3,TMDD1_HUMAN,28.0,218.0
P0DTF9,PTIP2_HUMAN,27.0,97.0
Q5H943,KKLC1_HUMAN,22.0,113.0
Q5VZ72,IZUM3_HUMAN,21.0,174.0
Q6P7N7,TMM81_HUMAN,31.0,226.0
Q8N1Y9,YI025_HUMAN,26.0,200.0
Q8N9W7,YO010_HUMAN,24.0,124.0
Q8NC54,KCT2_HUMAN,50.0,196.0
Q8ND94,LRN4L_HUMAN,23.0,194.0
Q9BQ49,SMIM7_HUMAN,18.0,53.0
Q9NU53,GINM1_HUMAN,24.0,268.0
